<?xml version="1.0" encoding="UTF-8"?>

<!-- generated on 2025-10-15 12:00:34 by Eclipse SUMO sumo Version 1.24.0
<sumoConfiguration xmlns:xsi="http://www.w3.org/2001/XMLSchema-instance" xsi:noNamespaceSchemaLocation="http://sumo.dlr.de/xsd/sumoConfiguration.xsd">

    <input>
        <net-file value="C:/Users/caurel/OneDrive - Capgemini/Documents/Python/SUMO/RL.net.xml"/>
        <route-files value="C:/Users/caurel/OneDrive - Capgemini/Documents/Python/SUMO/R1.rou.xml"/>
        <additional-files value="C:/Users/caurel/OneDrive - Capgemini/Documents/Python/SUMO/RL.add.xml"/>
    </input>

    <time>
        <step-length value="0.10"/>
    </time>

    <processing>
        <lateral-resolution value="0"/>
    </processing>

    <traci_server>
        <remote-port value="59203"/>
    </traci_server>

    <gui_only>
        <delay value="1000"/>
    </gui_only>

</sumoConfiguration>
-->

<detector xmlns:xsi="http://www.w3.org/2001/XMLSchema-instance" xsi:noNamespaceSchemaLocation="http://sumo.dlr.de/xsd/det_e2_file.xsd">
   <interval begin="0.00" end="300.00" id="Node2_7_SB_1" sampledSeconds="394.37" nVehEntered="52" nVehLeft="50" nVehSeen="52" meanSpeed="3.79" meanTimeLoss="5.49" meanOccupancy="19.69" maxOccupancy="51.90" meanMaxJamLengthInVehicles="0.40" meanMaxJamLengthInMeters="1.28" maxJamLengthInVehicles="2" maxJamLengthInMeters="10.29" jamLengthInVehiclesSum="1199" jamLengthInMetersSum="3848.55" meanHaltingDuration="5.39" maxHaltingDuration="12.80" haltingDurationSum="145.60" meanIntervalHaltingDuration="5.39" maxIntervalHaltingDuration="12.80" intervalHaltingDurationSum="145.60" startedHalts="27.00" meanVehicleNumber="1.33" maxVehicleNumber="3" />
   <interval begin="300.00" end="600.00" id="Node2_7_SB_1" sampledSeconds="463.73" nVehEntered="54" nVehLeft="55" nVehSeen="56" meanSpeed="3.53" meanTimeLoss="6.19" meanOccupancy="23.61" maxOccupancy="60.00" meanMaxJamLengthInVehicles="0.54" meanMaxJamLengthInMeters="2.06" maxJamLengthInVehicles="3" maxJamLengthInMeters="17.78" jamLengthInVehiclesSum="1610" jamLengthInMetersSum="6165.55" meanHaltingDuration="6.15" maxHaltingDuration="15.30" haltingDurationSum="196.80" meanIntervalHaltingDuration="6.00" maxIntervalHaltingDuration="11.10" intervalHaltingDurationSum="192.00" startedHalts="31.00" meanVehicleNumber="1.56" maxVehicleNumber="4" />
   <interval begin="600.00" end="900.00" id="Node2_7_SB_1" sampledSeconds="412.21" nVehEntered="54" nVehLeft="53" nVehSeen="55" meanSpeed="3.84" meanTimeLoss="5.39" meanOccupancy="20.36" maxOccupancy="48.92" meanMaxJamLengthInVehicles="0.43" meanMaxJamLengthInMeters="1.35" maxJamLengthInVehicles="2" maxJamLengthInMeters="10.29" jamLengthInVehiclesSum="1304" jamLengthInMetersSum="4050.84" meanHaltingDuration="5.67" maxHaltingDuration="11.30" haltingDurationSum="158.80" meanIntervalHaltingDuration="5.61" maxIntervalHaltingDuration="11.30" intervalHaltingDurationSum="157.20" startedHalts="27.00" meanVehicleNumber="1.39" maxVehicleNumber="3" />
   <interval begin="900.00" end="1000.00" id="Node2_7_SB_1" sampledSeconds="135.00" nVehEntered="18" nVehLeft="20" nVehSeen="20" meanSpeed="4.07" meanTimeLoss="4.76" meanOccupancy="20.40" maxOccupancy="48.82" meanMaxJamLengthInVehicles="0.39" meanMaxJamLengthInMeters="1.34" maxJamLengthInVehicles="2" maxJamLengthInMeters="10.27" jamLengthInVehiclesSum="394" jamLengthInMetersSum="1344.65" meanHaltingDuration="5.51" maxHaltingDuration="8.90" haltingDurationSum="55.10" meanIntervalHaltingDuration="4.76" maxIntervalHaltingDuration="8.90" intervalHaltingDurationSum="47.60" startedHalts="8.00" meanVehicleNumber="1.37" maxVehicleNumber="3" />
</detector>
