<?xml version="1.0" encoding="UTF-8"?>

<!-- generated on 2025-10-15 12:00:34 by Eclipse SUMO sumo Version 1.24.0
<sumoConfiguration xmlns:xsi="http://www.w3.org/2001/XMLSchema-instance" xsi:noNamespaceSchemaLocation="http://sumo.dlr.de/xsd/sumoConfiguration.xsd">

    <input>
        <net-file value="C:/Users/caurel/OneDrive - Capgemini/Documents/Python/SUMO/RL.net.xml"/>
        <route-files value="C:/Users/caurel/OneDrive - Capgemini/Documents/Python/SUMO/R1.rou.xml"/>
        <additional-files value="C:/Users/caurel/OneDrive - Capgemini/Documents/Python/SUMO/RL.add.xml"/>
    </input>

    <time>
        <step-length value="0.10"/>
    </time>

    <processing>
        <lateral-resolution value="0"/>
    </processing>

    <traci_server>
        <remote-port value="59203"/>
    </traci_server>

    <gui_only>
        <delay value="1000"/>
    </gui_only>

</sumoConfiguration>
-->

<detector xmlns:xsi="http://www.w3.org/2001/XMLSchema-instance" xsi:noNamespaceSchemaLocation="http://sumo.dlr.de/xsd/det_e2_file.xsd">
   <interval begin="0.00" end="300.00" id="Node1_2_EB_0" sampledSeconds="559.36" nVehEntered="41" nVehLeft="40" nVehSeen="41" meanSpeed="2.19" meanTimeLoss="11.32" meanOccupancy="30.78" maxOccupancy="69.99" meanMaxJamLengthInVehicles="0.95" meanMaxJamLengthInMeters="5.23" maxJamLengthInVehicles="4" maxJamLengthInMeters="25.00" jamLengthInVehiclesSum="2839" jamLengthInMetersSum="15682.49" meanHaltingDuration="9.11" maxHaltingDuration="19.00" haltingDurationSum="318.90" meanIntervalHaltingDuration="9.11" maxIntervalHaltingDuration="19.00" intervalHaltingDurationSum="318.90" startedHalts="35.00" meanVehicleNumber="1.88" maxVehicleNumber="4" />
   <interval begin="300.00" end="600.00" id="Node1_2_EB_0" sampledSeconds="671.22" nVehEntered="47" nVehLeft="46" nVehSeen="48" meanSpeed="2.07" meanTimeLoss="11.74" meanOccupancy="37.23" maxOccupancy="69.93" meanMaxJamLengthInVehicles="1.20" meanMaxJamLengthInMeters="6.66" maxJamLengthInVehicles="4" maxJamLengthInMeters="25.00" jamLengthInVehiclesSum="3610" jamLengthInMetersSum="19989.68" meanHaltingDuration="9.59" maxHaltingDuration="16.20" haltingDurationSum="402.90" meanIntervalHaltingDuration="9.59" maxIntervalHaltingDuration="16.20" intervalHaltingDurationSum="402.90" startedHalts="42.00" meanVehicleNumber="2.25" maxVehicleNumber="4" />
   <interval begin="600.00" end="900.00" id="Node1_2_EB_0" sampledSeconds="458.54" nVehEntered="41" nVehLeft="42" nVehSeen="43" meanSpeed="2.68" meanTimeLoss="8.43" meanOccupancy="24.99" maxOccupancy="68.39" meanMaxJamLengthInVehicles="0.65" meanMaxJamLengthInMeters="3.22" maxJamLengthInVehicles="4" maxJamLengthInMeters="25.00" jamLengthInVehiclesSum="1948" jamLengthInMetersSum="9648.89" meanHaltingDuration="6.41" maxHaltingDuration="12.00" haltingDurationSum="230.60" meanIntervalHaltingDuration="6.41" maxIntervalHaltingDuration="12.00" intervalHaltingDurationSum="230.60" startedHalts="36.00" meanVehicleNumber="1.54" maxVehicleNumber="4" />
   <interval begin="900.00" end="1000.00" id="Node1_2_EB_0" sampledSeconds="166.82" nVehEntered="13" nVehLeft="12" nVehSeen="14" meanSpeed="2.44" meanTimeLoss="9.64" meanOccupancy="26.52" maxOccupancy="65.20" meanMaxJamLengthInVehicles="0.82" meanMaxJamLengthInMeters="3.90" maxJamLengthInVehicles="3" maxJamLengthInMeters="20.04" jamLengthInVehiclesSum="824" jamLengthInMetersSum="3903.90" meanHaltingDuration="7.87" maxHaltingDuration="14.40" haltingDurationSum="94.40" meanIntervalHaltingDuration="7.87" maxIntervalHaltingDuration="14.40" intervalHaltingDurationSum="94.40" startedHalts="12.00" meanVehicleNumber="1.68" maxVehicleNumber="4" />
</detector>
