<?xml version="1.0" encoding="UTF-8"?>

<!-- generated on 2025-10-15 12:00:34 by Eclipse SUMO sumo Version 1.24.0
<sumoConfiguration xmlns:xsi="http://www.w3.org/2001/XMLSchema-instance" xsi:noNamespaceSchemaLocation="http://sumo.dlr.de/xsd/sumoConfiguration.xsd">

    <input>
        <net-file value="C:/Users/caurel/OneDrive - Capgemini/Documents/Python/SUMO/RL.net.xml"/>
        <route-files value="C:/Users/caurel/OneDrive - Capgemini/Documents/Python/SUMO/R1.rou.xml"/>
        <additional-files value="C:/Users/caurel/OneDrive - Capgemini/Documents/Python/SUMO/RL.add.xml"/>
    </input>

    <time>
        <step-length value="0.10"/>
    </time>

    <processing>
        <lateral-resolution value="0"/>
    </processing>

    <traci_server>
        <remote-port value="59203"/>
    </traci_server>

    <gui_only>
        <delay value="1000"/>
    </gui_only>

</sumoConfiguration>
-->

<detector xmlns:xsi="http://www.w3.org/2001/XMLSchema-instance" xsi:noNamespaceSchemaLocation="http://sumo.dlr.de/xsd/det_e2_file.xsd">
   <interval begin="0.00" end="300.00" id="Node2_7_SB_0" sampledSeconds="506.18" nVehEntered="67" nVehLeft="65" nVehSeen="67" meanSpeed="3.58" meanTimeLoss="5.56" meanOccupancy="26.76" maxOccupancy="56.05" meanMaxJamLengthInVehicles="0.61" meanMaxJamLengthInMeters="2.64" maxJamLengthInVehicles="3" maxJamLengthInMeters="18.30" jamLengthInVehiclesSum="1839" jamLengthInMetersSum="7918.09" meanHaltingDuration="6.41" maxHaltingDuration="12.30" haltingDurationSum="217.90" meanIntervalHaltingDuration="6.41" maxIntervalHaltingDuration="12.30" intervalHaltingDurationSum="217.90" startedHalts="34.00" meanVehicleNumber="1.71" maxVehicleNumber="4" />
   <interval begin="300.00" end="600.00" id="Node2_7_SB_0" sampledSeconds="588.72" nVehEntered="63" nVehLeft="63" nVehSeen="65" meanSpeed="3.02" meanTimeLoss="7.03" meanOccupancy="31.26" maxOccupancy="63.61" meanMaxJamLengthInVehicles="0.81" meanMaxJamLengthInMeters="3.72" maxJamLengthInVehicles="3" maxJamLengthInMeters="18.31" jamLengthInVehiclesSum="2424" jamLengthInMetersSum="11156.43" meanHaltingDuration="7.09" maxHaltingDuration="13.70" haltingDurationSum="283.60" meanIntervalHaltingDuration="7.04" maxIntervalHaltingDuration="13.70" intervalHaltingDurationSum="281.40" startedHalts="39.00" meanVehicleNumber="1.99" maxVehicleNumber="4" />
   <interval begin="600.00" end="900.00" id="Node2_7_SB_0" sampledSeconds="555.83" nVehEntered="64" nVehLeft="63" nVehSeen="66" meanSpeed="3.25" meanTimeLoss="6.40" meanOccupancy="29.50" maxOccupancy="57.11" meanMaxJamLengthInVehicles="0.70" meanMaxJamLengthInMeters="3.07" maxJamLengthInVehicles="3" maxJamLengthInMeters="18.32" jamLengthInVehiclesSum="2097" jamLengthInMetersSum="9198.21" meanHaltingDuration="6.61" maxHaltingDuration="13.10" haltingDurationSum="251.10" meanIntervalHaltingDuration="6.49" maxIntervalHaltingDuration="12.30" intervalHaltingDurationSum="246.60" startedHalts="37.00" meanVehicleNumber="1.88" maxVehicleNumber="4" />
   <interval begin="900.00" end="1000.00" id="Node2_7_SB_0" sampledSeconds="180.27" nVehEntered="21" nVehLeft="23" nVehSeen="24" meanSpeed="3.48" meanTimeLoss="5.63" meanOccupancy="28.82" maxOccupancy="51.08" meanMaxJamLengthInVehicles="0.64" meanMaxJamLengthInMeters="2.81" maxJamLengthInVehicles="3" maxJamLengthInMeters="18.32" jamLengthInVehiclesSum="643" jamLengthInMetersSum="2806.38" meanHaltingDuration="5.91" maxHaltingDuration="11.80" haltingDurationSum="88.60" meanIntervalHaltingDuration="5.05" maxIntervalHaltingDuration="11.80" intervalHaltingDurationSum="75.70" startedHalts="13.00" meanVehicleNumber="1.83" maxVehicleNumber="3" />
</detector>
