<?xml version="1.0" encoding="UTF-8"?>

<!-- generated on 2025-10-15 11:12:45 by Eclipse SUMO netedit Version 1.24.0
<neteditConfiguration xmlns:xsi="http://www.w3.org/2001/XMLSchema-instance" xsi:noNamespaceSchemaLocation="http://sumo.dlr.de/xsd/neteditConfiguration.xsd">

    <input>
        <sumocfg-file value="C:\Users\caurel\OneDrive - Capgemini\Documents\Python\SUMO\RL.sumocfg"/>
        <additional-files value="C:\Users\caurel\OneDrive - Capgemini\Documents\Python\SUMO\RL.add.xml"/>
        <route-files value="C:\Users\caurel\OneDrive - Capgemini\Documents\Python\SUMO\R1.rou.xml"/>
        <sumo-net-file value="C:\Users\caurel\OneDrive - Capgemini\Documents\Python\SUMO\RL.net.xml"/>
    </input>

    <output>
        <output-file value="C:\Users\caurel\OneDrive - Capgemini\Documents\Python\SUMO\RL.net.xml"/>
    </output>

    <processing>
        <geometry.min-radius.fix.railways value="false"/>
        <geometry.avoid-overlap value="false"/>
        <geometry.max-grade.fix value="false"/>
        <offset.disable-normalization value="true"/>
        <lefthand value="0"/>
    </processing>

    <junctions>
        <no-turnarounds value="true"/>
        <junctions.corner-detail value="5"/>
        <junctions.limit-turn-speed value="5.50"/>
        <rectangular-lane-cut value="0"/>
    </junctions>

    <pedestrian>
        <walkingareas value="0"/>
    </pedestrian>

    <netedit>
        <new-network value="false"/>
        <ignore.additionalelements value="0"/>
        <ignore.routeelements value="0"/>
    </netedit>

</neteditConfiguration>
-->

<net version="1.20" junctionCornerDetail="5" limitTurnSpeed="5.50" avoidOverlap="0" xmlns:xsi="http://www.w3.org/2001/XMLSchema-instance" xsi:noNamespaceSchemaLocation="http://sumo.dlr.de/xsd/net_file.xsd">

    <location netOffset="0.00,0.00" convBoundary="-174.20,-18.09,167.57,201.95" origBoundary="-10000000000.00,-10000000000.00,10000000000.00,10000000000.00" projParameter="!"/>

    <edge id=":Node1_0" function="internal">
        <lane id=":Node1_0_0" index="0" speed="11.13" length="27.68" shape="-159.68,113.57 -167.16,112.56 -172.61,109.42 -176.02,104.13 -177.39,96.71"/>
        <lane id=":Node1_0_1" index="1" speed="10.11" length="22.65" shape="-159.70,110.37 -165.82,109.55 -170.28,106.97 -173.07,102.65 -174.19,96.58"/>
        <lane id=":Node1_0_2" index="2" speed="8.97" length="17.61" shape="-159.73,107.17 -164.49,106.53 -167.95,104.53 -170.12,101.17 -171.00,96.44"/>
    </edge>
    <edge id=":Node1_3" function="internal">
        <lane id=":Node1_3_0" index="0" speed="3.91" length="2.52" shape="-161.41,96.04 -161.28,96.71 -160.97,97.19 -160.48,97.48 -159.80,97.57"/>
        <lane id=":Node1_3_1" index="1" speed="6.08" length="7.55" shape="-164.60,96.17 -164.23,98.20 -163.30,99.64 -161.81,100.50 -159.77,100.77"/>
        <lane id=":Node1_3_2" index="2" speed="7.66" length="12.58" shape="-167.80,96.31 -167.18,99.68 -165.63,102.08 -163.15,103.51 -159.75,103.97"/>
    </edge>
    <edge id=":Node2_0" function="internal">
        <lane id=":Node2_0_0" index="0" speed="6.65" length="9.38" shape="22.19,112.49 19.74,112.84 17.97,113.94 16.88,115.81 16.46,118.43"/>
    </edge>
    <edge id=":Node2_1" function="internal">
        <lane id=":Node2_1_0" index="0" speed="13.89" length="27.29" shape="22.19,112.49 -5.05,112.44"/>
        <lane id=":Node2_1_1" index="1" speed="13.89" length="27.29" shape="22.22,109.29 -5.07,109.24"/>
        <lane id=":Node2_1_2" index="2" speed="13.89" length="27.29" shape="22.26,106.09 -5.09,106.04"/>
    </edge>
    <edge id=":Node2_4" function="internal">
        <lane id=":Node2_4_0" index="0" speed="10.52" length="4.66" shape="22.26,106.09 17.65,105.37"/>
    </edge>
    <edge id=":Node2_20" function="internal">
        <lane id=":Node2_20_0" index="0" speed="10.52" length="20.01" shape="17.65,105.37 15.66,105.06 10.91,102.14 7.98,97.33 6.90,90.64"/>
    </edge>
    <edge id=":Node2_5" function="internal">
        <lane id=":Node2_5_0" index="0" speed="6.75" length="9.56" shape="16.49,90.42 16.91,93.05 18.03,94.94 19.85,96.09 22.36,96.49"/>
    </edge>
    <edge id=":Node2_6" function="internal">
        <lane id=":Node2_6_0" index="0" speed="13.89" length="27.86" shape="16.49,90.42 16.46,118.43"/>
        <lane id=":Node2_6_1" index="1" speed="13.89" length="27.86" shape="13.29,90.49 13.27,118.36"/>
        <lane id=":Node2_6_2" index="2" speed="13.89" length="27.86" shape="10.09,90.56 10.07,118.28"/>
    </edge>
    <edge id=":Node2_9" function="internal">
        <lane id=":Node2_9_0" index="0" speed="10.37" length="5.87" shape="10.09,90.56 9.38,96.39"/>
    </edge>
    <edge id=":Node2_21" function="internal">
        <lane id=":Node2_21_0" index="0" speed="10.37" length="18.94" shape="9.38,96.39 9.27,97.29 6.47,102.12 1.68,105.03 -5.09,106.04"/>
    </edge>
    <edge id=":Node2_10" function="internal">
        <lane id=":Node2_10_0" index="0" speed="6.52" length="9.16" shape="-5.16,96.44 -2.64,96.07 -0.86,95.00 0.19,93.24 0.50,90.78"/>
    </edge>
    <edge id=":Node2_11" function="internal">
        <lane id=":Node2_11_0" index="0" speed="13.89" length="27.47" shape="-5.16,96.44 22.36,96.49"/>
        <lane id=":Node2_11_1" index="1" speed="13.89" length="27.47" shape="-5.14,99.64 22.33,99.69"/>
        <lane id=":Node2_11_2" index="2" speed="13.89" length="27.47" shape="-5.12,102.84 22.29,102.89"/>
    </edge>
    <edge id=":Node2_14" function="internal">
        <lane id=":Node2_14_0" index="0" speed="10.32" length="5.32" shape="-5.12,102.84 0.16,103.56"/>
    </edge>
    <edge id=":Node2_22" function="internal">
        <lane id=":Node2_22_0" index="0" speed="10.32" length="19.55" shape="0.16,103.56 1.67,103.76 6.46,106.64 9.26,111.48 10.07,118.28"/>
    </edge>
    <edge id=":Node2_15" function="internal">
        <lane id=":Node2_15_0" index="0" speed="6.44" length="9.03" shape="0.47,118.05 0.18,115.58 -0.84,113.82 -2.58,112.78 -5.05,112.44"/>
    </edge>
    <edge id=":Node2_16" function="internal">
        <lane id=":Node2_16_0" index="0" speed="13.89" length="27.42" shape="0.47,118.05 0.50,90.78"/>
        <lane id=":Node2_16_1" index="1" speed="13.89" length="27.42" shape="3.67,118.13 3.70,90.71"/>
        <lane id=":Node2_16_2" index="2" speed="13.89" length="27.42" shape="6.87,118.20 6.90,90.64"/>
    </edge>
    <edge id=":Node2_19" function="internal">
        <lane id=":Node2_19_0" index="0" speed="10.45" length="4.44" shape="6.87,118.20 7.58,113.82"/>
    </edge>
    <edge id=":Node2_23" function="internal">
        <lane id=":Node2_23_0" index="0" speed="10.45" length="20.27" shape="7.58,113.82 7.97,111.44 10.91,106.63 15.68,103.78 22.29,102.89"/>
    </edge>
    <edge id=":Node3_0" function="internal">
        <lane id=":Node3_0_0" index="0" speed="11.12" length="28.23" shape="173.58,96.69 172.35,104.32 168.98,109.74 163.46,112.96 155.79,113.96"/>
        <lane id=":Node3_0_1" index="1" speed="10.10" length="23.10" shape="170.38,96.63 169.38,102.87 166.61,107.31 162.10,109.94 155.83,110.76"/>
        <lane id=":Node3_0_2" index="2" speed="8.96" length="17.97" shape="167.18,96.57 166.40,101.43 164.25,104.88 160.74,106.92 155.86,107.56"/>
    </edge>
    <edge id=":Node3_3" function="internal">
        <lane id=":Node3_3_0" index="0" speed="3.90" length="2.57" shape="155.97,97.97 156.67,97.87 157.17,97.58 157.47,97.09 157.59,96.39"/>
        <lane id=":Node3_3_1" index="1" speed="6.08" length="7.70" shape="155.93,101.17 158.02,100.89 159.53,100.01 160.45,98.53 160.79,96.45"/>
        <lane id=":Node3_3_2" index="2" speed="7.66" length="12.83" shape="155.90,104.36 159.38,103.91 161.89,102.45 163.43,99.98 163.99,96.51"/>
    </edge>
    <edge id=":Node4_0" function="internal">
        <lane id=":Node4_0_0" index="0" speed="11.11" length="29.86" shape="-181.76,-7.46 -180.93,-15.68 -177.63,-21.48 -171.88,-24.85 -163.67,-25.79"/>
        <lane id=":Node4_0_1" index="1" speed="10.09" length="24.43" shape="-178.56,-7.59 -177.88,-14.32 -175.19,-19.06 -170.48,-21.82 -163.76,-22.59"/>
        <lane id=":Node4_0_2" index="2" speed="8.95" length="19.00" shape="-175.37,-7.73 -174.84,-12.96 -172.74,-16.65 -169.08,-18.79 -163.85,-19.39"/>
    </edge>
    <edge id=":Node4_3" function="internal">
        <lane id=":Node4_3_0" index="0" speed="3.90" length="2.71" shape="-164.13,-9.80 -164.88,-9.71 -165.40,-9.41 -165.70,-8.88 -165.78,-8.13"/>
        <lane id=":Node4_3_1" index="1" speed="6.07" length="8.14" shape="-164.04,-13.00 -166.28,-12.74 -167.85,-11.82 -168.74,-10.24 -168.97,-8.00"/>
        <lane id=":Node4_3_2" index="2" speed="7.65" length="13.57" shape="-163.95,-16.19 -167.68,-15.77 -170.29,-14.23 -171.79,-11.60 -172.17,-7.86"/>
    </edge>
    <edge id=":Node5_0" function="internal">
        <lane id=":Node5_0_0" index="0" speed="6.83" length="9.67" shape="-1.49,1.17 -1.90,-1.59 -2.97,-3.59 -4.72,-4.82 -7.15,-5.28"/>
        <lane id=":Node5_0_1" index="1" speed="8.27" length="14.64" shape="1.71,1.10 1.08,-3.00 -0.59,-5.96 -3.30,-7.79 -7.06,-8.48"/>
    </edge>
    <edge id=":Node5_2" function="internal">
        <lane id=":Node5_2_0" index="0" speed="11.32" length="30.13" shape="1.71,1.10 2.70,-7.13 6.11,-12.99 11.92,-16.48 20.13,-17.59"/>
        <lane id=":Node5_2_1" index="1" speed="10.32" length="24.86" shape="4.91,1.03 5.73,-5.76 8.54,-10.60 13.33,-13.47 20.11,-14.39"/>
    </edge>
    <edge id=":Node5_4" function="internal">
        <lane id=":Node5_4_0" index="0" speed="6.44" length="9.03" shape="20.03,-4.79 17.57,-4.46 15.82,-3.41 14.80,-1.65 14.51,0.81"/>
    </edge>
    <edge id=":Node5_5" function="internal">
        <lane id=":Node5_5_0" index="0" speed="13.89" length="27.12" shape="20.03,-4.79 -7.15,-5.28"/>
        <lane id=":Node5_5_1" index="1" speed="13.89" length="27.12" shape="20.06,-7.99 -7.06,-8.48"/>
        <lane id=":Node5_5_2" index="2" speed="13.89" length="27.12" shape="20.08,-11.19 -6.96,-11.68"/>
    </edge>
    <edge id=":Node5_8" function="internal">
        <lane id=":Node5_8_0" index="0" speed="13.89" length="26.92" shape="-6.69,-21.27 20.16,-20.79"/>
        <lane id=":Node5_8_1" index="1" speed="13.89" length="26.92" shape="-6.78,-18.08 20.13,-17.59"/>
        <lane id=":Node5_8_2" index="2" speed="13.89" length="26.92" shape="-6.87,-14.88 20.11,-14.39"/>
    </edge>
    <edge id=":Node5_11" function="internal">
        <lane id=":Node5_11_0" index="0" speed="11.08" length="5.41" shape="-6.87,-14.88 -1.52,-14.07"/>
        <lane id=":Node5_11_1" index="1" speed="10.58" length="4.50" shape="-6.87,-14.88 -2.44,-14.09"/>
    </edge>
    <edge id=":Node5_13" function="internal">
        <lane id=":Node5_13_0" index="0" speed="11.08" length="21.69" shape="-1.52,-14.07 0.95,-13.70 6.59,-10.68 10.04,-5.82 11.31,0.88"/>
        <lane id=":Node5_13_1" index="0" speed="10.58" length="20.08" shape="-2.44,-14.09 -0.45,-13.73 4.19,-10.71 7.04,-5.81 8.11,0.96"/>
    </edge>
    <edge id=":Node6_0" function="internal">
        <lane id=":Node6_0_0" index="0" speed="11.12" length="28.60" shape="157.94,-19.68 165.69,-18.50 171.19,-15.13 174.42,-9.54 175.39,-1.76"/>
        <lane id=":Node6_0_1" index="1" speed="10.10" length="23.40" shape="157.91,-16.48 164.26,-15.52 168.75,-12.75 171.40,-8.19 172.19,-1.81"/>
        <lane id=":Node6_0_2" index="2" speed="8.96" length="18.20" shape="157.88,-13.28 162.82,-12.53 166.32,-10.38 168.38,-6.83 168.99,-1.87"/>
    </edge>
    <edge id=":Node6_3" function="internal">
        <lane id=":Node6_3_0" index="0" speed="3.90" length="2.60" shape="159.39,-2.05 159.31,-2.76 159.01,-3.26 158.51,-3.57 157.81,-3.68"/>
        <lane id=":Node6_3_1" index="1" speed="6.08" length="7.80" shape="162.59,-1.99 162.33,-4.11 161.45,-5.64 159.95,-6.56 157.83,-6.88"/>
        <lane id=":Node6_3_2" index="2" speed="7.65" length="13.00" shape="165.79,-1.93 165.35,-5.47 163.88,-8.01 161.38,-9.54 157.86,-10.08"/>
    </edge>

    <edge id="-E0" from="Node1" to="Node4" priority="-1">
        <lane id="-E0_0" index="0" speed="13.89" length="104.26" shape="-177.39,96.71 -181.76,-7.46"/>
        <lane id="-E0_1" index="1" speed="13.89" length="104.26" shape="-174.19,96.58 -178.56,-7.59"/>
        <lane id="-E0_2" index="2" speed="13.89" length="104.26" shape="-171.00,96.44 -175.37,-7.73"/>
    </edge>
    <edge id="-E2Node2_3_EB" from="Node2" to="Node3" priority="-1">
        <lane id="-E2Node2_3_EB_0" index="0" speed="13.89" length="133.61" shape="22.36,96.49 155.97,97.97"/>
        <lane id="-E2Node2_3_EB_1" index="1" speed="13.89" length="133.61" shape="22.33,99.69 155.93,101.17"/>
        <lane id="-E2Node2_3_EB_2" index="2" speed="13.89" length="133.61" shape="22.29,102.89 155.90,104.36"/>
    </edge>
    <edge id="-E2Node2_3_WB" from="Node3" to="Node2" priority="-1">
        <lane id="-E2Node2_3_WB_0" index="0" speed="13.89" length="133.61" shape="155.79,113.96 22.19,112.49"/>
        <lane id="-E2Node2_3_WB_1" index="1" speed="13.89" length="133.61" shape="155.83,110.76 22.22,109.29"/>
        <lane id="-E2Node2_3_WB_2" index="2" speed="13.89" length="133.61" shape="155.86,107.56 22.26,106.09"/>
    </edge>
    <edge id="-E2Node2_5_NB" from="Node5" to="Node2" priority="-1">
        <lane id="-E2Node2_5_NB_0" index="0" speed="13.89" length="89.63" shape="14.51,0.81 16.49,90.42"/>
        <lane id="-E2Node2_5_NB_1" index="1" speed="13.89" length="89.63" shape="11.31,0.88 13.29,90.49"/>
        <lane id="-E2Node2_5_NB_2" index="2" speed="13.89" length="89.63" shape="8.11,0.96 10.09,90.56"/>
    </edge>
    <edge id="-E2Node2_5_SB" from="Node2" to="Node5" priority="-1">
        <lane id="-E2Node2_5_SB_0" index="0" speed="13.89" length="89.63" shape="0.50,90.78 -1.49,1.17"/>
        <lane id="-E2Node2_5_SB_1" index="1" speed="13.89" length="89.63" shape="3.70,90.71 1.71,1.10"/>
        <lane id="-E2Node2_5_SB_2" index="2" speed="13.89" length="89.63" shape="6.90,90.64 4.91,1.03"/>
    </edge>
    <edge id="-E3" from="Node6" to="Node3" priority="-1">
        <lane id="-E3_0" index="0" speed="13.89" length="98.46" shape="175.39,-1.76 173.58,96.69"/>
        <lane id="-E3_1" index="1" speed="13.89" length="98.46" shape="172.19,-1.81 170.38,96.63"/>
        <lane id="-E3_2" index="2" speed="13.89" length="98.46" shape="168.99,-1.87 167.18,96.57"/>
    </edge>
    <edge id="-E4" from="Node6" to="Node5" priority="-1">
        <lane id="-E4_0" index="0" speed="13.89" length="137.78" shape="157.81,-3.68 20.03,-4.79"/>
        <lane id="-E4_1" index="1" speed="13.89" length="137.78" shape="157.83,-6.88 20.06,-7.99"/>
        <lane id="-E4_2" index="2" speed="13.89" length="137.78" shape="157.86,-10.08 20.08,-11.19"/>
    </edge>
    <edge id="-E5" from="Node5" to="Node4" priority="-1">
        <lane id="-E5_0" index="0" speed="13.89" length="157.05" shape="-7.15,-5.28 -164.13,-9.80"/>
        <lane id="-E5_1" index="1" speed="13.89" length="157.05" shape="-7.06,-8.48 -164.04,-13.00"/>
        <lane id="-E5_2" index="2" speed="13.89" length="157.05" shape="-6.96,-11.68 -163.95,-16.19"/>
    </edge>
    <edge id="E0" from="Node4" to="Node1" priority="-1">
        <lane id="E0_0" index="0" speed="13.89" length="104.26" shape="-165.78,-8.13 -161.41,96.04"/>
        <lane id="E0_1" index="1" speed="13.89" length="104.26" shape="-168.97,-8.00 -164.60,96.17"/>
        <lane id="E0_2" index="2" speed="13.89" length="104.26" shape="-172.17,-7.86 -167.80,96.31"/>
    </edge>
    <edge id="E3" from="Node3" to="Node6" priority="-1">
        <lane id="E3_0" index="0" speed="13.89" length="98.46" shape="157.59,96.39 159.39,-2.05"/>
        <lane id="E3_1" index="1" speed="13.89" length="98.46" shape="160.79,96.45 162.59,-1.99"/>
        <lane id="E3_2" index="2" speed="13.89" length="98.46" shape="163.99,96.51 165.79,-1.93"/>
    </edge>
    <edge id="E4" from="Node5" to="Node6" priority="-1">
        <lane id="E4_0" index="0" speed="13.89" length="137.78" shape="20.16,-20.79 157.94,-19.68"/>
        <lane id="E4_1" index="1" speed="13.89" length="137.78" shape="20.13,-17.59 157.91,-16.48"/>
        <lane id="E4_2" index="2" speed="13.89" length="137.78" shape="20.11,-14.39 157.88,-13.28"/>
    </edge>
    <edge id="E5" from="Node4" to="Node5" priority="-1">
        <lane id="E5_0" index="0" speed="13.89" length="157.05" shape="-163.67,-25.79 -6.69,-21.27"/>
        <lane id="E5_1" index="1" speed="13.89" length="157.05" shape="-163.76,-22.59 -6.78,-18.08"/>
        <lane id="E5_2" index="2" speed="13.89" length="157.05" shape="-163.85,-19.39 -6.87,-14.88"/>
    </edge>
    <edge id="Node1_2_EB" from="Node1" to="Node2" priority="-1">
        <lane id="Node1_2_EB_0" index="0" speed="13.89" length="154.64" shape="-159.80,97.57 -5.16,96.44"/>
        <lane id="Node1_2_EB_1" index="1" speed="13.89" length="154.64" shape="-159.77,100.77 -5.14,99.64"/>
        <lane id="Node1_2_EB_2" index="2" speed="13.89" length="154.64" shape="-159.75,103.97 -5.12,102.84"/>
    </edge>
    <edge id="Node1_2_WB" from="Node2" to="Node1" priority="-1">
        <lane id="Node1_2_WB_0" index="0" speed="13.89" length="154.64" shape="-5.05,112.44 -159.68,113.57"/>
        <lane id="Node1_2_WB_1" index="1" speed="13.89" length="154.64" shape="-5.07,109.24 -159.70,110.37"/>
        <lane id="Node1_2_WB_2" index="2" speed="13.89" length="154.64" shape="-5.09,106.04 -159.73,107.17"/>
    </edge>
    <edge id="Node2_7_NB" from="Node2" to="Node7" priority="-1">
        <lane id="Node2_7_NB_0" index="0" speed="13.89" length="83.73" shape="16.46,118.43 14.46,202.14"/>
        <lane id="Node2_7_NB_1" index="1" speed="13.89" length="83.73" shape="13.27,118.36 11.26,202.07"/>
        <lane id="Node2_7_NB_2" index="2" speed="13.89" length="83.73" shape="10.07,118.28 8.06,201.99"/>
    </edge>
    <edge id="Node2_7_SB" from="Node7" to="Node2" priority="-1">
        <lane id="Node2_7_SB_0" index="0" speed="13.89" length="83.73" shape="-1.54,201.76 0.47,118.05"/>
        <lane id="Node2_7_SB_1" index="1" speed="13.89" length="83.73" shape="1.66,201.83 3.67,118.13"/>
        <lane id="Node2_7_SB_2" index="2" speed="13.89" length="83.73" shape="4.86,201.91 6.87,118.20"/>
    </edge>

    <tlLogic id="Node2" type="static" programID="0" offset="0">
        <phase duration="42" state="GGGGgrrrrrGGGGgrrrrr"/>
        <phase duration="3"  state="yyyyyrrrrryyyyyrrrrr"/>
        <phase duration="42" state="rrrrrGGGGgrrrrrGGGGg"/>
        <phase duration="3"  state="rrrrryyyyyrrrrryyyyy"/>
    </tlLogic>

    <junction id="Node1" type="priority" x="-169.01" y="105.64" incLanes="Node1_2_WB_0 Node1_2_WB_1 Node1_2_WB_2 E0_0 E0_1 E0_2" intLanes=":Node1_0_0 :Node1_0_1 :Node1_0_2 :Node1_3_0 :Node1_3_1 :Node1_3_2" shape="-159.67,115.17 -159.81,95.97 -178.99,96.78 -178.24,102.44 -176.50,107.06 -173.77,110.64 -170.06,113.19 -165.36,114.70">
        <request index="0" response="000000" foes="000000" cont="0"/>
        <request index="1" response="000000" foes="000000" cont="0"/>
        <request index="2" response="000000" foes="000000" cont="0"/>
        <request index="3" response="000000" foes="000000" cont="0"/>
        <request index="4" response="000000" foes="000000" cont="0"/>
        <request index="5" response="000000" foes="000000" cont="0"/>
    </junction>
    <junction id="Node2" type="traffic_light" x="8.80" y="104.34" incLanes="-E2Node2_3_WB_0 -E2Node2_3_WB_1 -E2Node2_3_WB_2 -E2Node2_5_NB_0 -E2Node2_5_NB_1 -E2Node2_5_NB_2 Node1_2_EB_0 Node1_2_EB_1 Node1_2_EB_2 Node2_7_SB_0 Node2_7_SB_1 Node2_7_SB_2" intLanes=":Node2_0_0 :Node2_1_0 :Node2_1_1 :Node2_1_2 :Node2_20_0 :Node2_5_0 :Node2_6_0 :Node2_6_1 :Node2_6_2 :Node2_21_0 :Node2_10_0 :Node2_11_0 :Node2_11_1 :Node2_11_2 :Node2_22_0 :Node2_15_0 :Node2_16_0 :Node2_16_1 :Node2_16_2 :Node2_23_0" shape="22.17,114.09 22.38,94.89 20.04,94.37 19.21,93.74 18.61,92.87 18.24,91.75 18.09,90.39 -1.10,90.81 -1.52,93.04 -2.08,93.82 -2.87,94.38 -3.91,94.72 -5.17,94.84 -5.03,114.04 -2.82,114.47 -2.06,115.02 -1.52,115.79 -1.21,116.79 -1.13,118.01 18.06,118.47 18.57,116.02 19.14,115.16 19.94,114.56 20.94,114.20">
        <request index="0"  response="00000000000000000000" foes="00000000000111000000" cont="0"/>
        <request index="1"  response="10000000001000000000" foes="11111100001111000000" cont="0"/>
        <request index="2"  response="10000000001000000000" foes="11111100001111000000" cont="0"/>
        <request index="3"  response="10000000001000000000" foes="11111100001111000000" cont="0"/>
        <request index="4"  response="10000011101000000000" foes="11110011101111000000" cont="1"/>
        <request index="5"  response="00000011100000000000" foes="00000011100000000000" cont="0"/>
        <request index="6"  response="00000111100000011111" foes="10000111100000011111" cont="0"/>
        <request index="7"  response="00000111100000011111" foes="10000111100000011111" cont="0"/>
        <request index="8"  response="00000111100000011111" foes="10000111100000011111" cont="0"/>
        <request index="9"  response="01110111100000011110" foes="01110111100000011110" cont="1"/>
        <request index="10" response="00000000000000000000" foes="01110000000000000000" cont="0"/>
        <request index="11" response="10000000001000000000" foes="11110000001111110000" cont="0"/>
        <request index="12" response="10000000001000000000" foes="11110000001111110000" cont="0"/>
        <request index="13" response="10000000001000000000" foes="11110000001111110000" cont="0"/>
        <request index="14" response="10000000001000001110" foes="11110000001111001110" cont="1"/>
        <request index="15" response="00000000000000001110" foes="00000000000000001110" cont="0"/>
        <request index="16" response="00000111110000011110" foes="00000111111000011110" cont="0"/>
        <request index="17" response="00000111110000011110" foes="00000111111000011110" cont="0"/>
        <request index="18" response="00000111110000011110" foes="00000111111000011110" cont="0"/>
        <request index="19" response="00000111100111011110" foes="00000111100111011110" cont="1"/>
    </junction>
    <junction id="Node3" type="priority" x="165.41" y="106.07" incLanes="-E3_0 -E3_1 -E3_2 -E2Node2_3_EB_0 -E2Node2_3_EB_1 -E2Node2_3_EB_2" intLanes=":Node3_0_0 :Node3_0_1 :Node3_0_2 :Node3_3_0 :Node3_3_1 :Node3_3_2" shape="175.18,96.72 155.99,96.37 155.77,115.56 161.61,115.10 166.40,113.56 170.16,110.96 172.87,107.28 174.55,102.53">
        <request index="0" response="000000" foes="000000" cont="0"/>
        <request index="1" response="000000" foes="000000" cont="0"/>
        <request index="2" response="000000" foes="000000" cont="0"/>
        <request index="3" response="000000" foes="000000" cont="0"/>
        <request index="4" response="000000" foes="000000" cont="0"/>
        <request index="5" response="000000" foes="000000" cont="0"/>
    </junction>
    <junction id="Node4" type="priority" x="-174.20" y="-18.09" incLanes="-E0_0 -E0_1 -E0_2 -E5_0 -E5_1 -E5_2" intLanes=":Node4_0_0 :Node4_0_1 :Node4_0_2 :Node4_3_0 :Node4_3_1 :Node4_3_2" shape="-183.36,-7.39 -164.18,-8.20 -163.62,-27.39 -169.89,-27.00 -174.97,-25.43 -178.86,-22.69 -181.55,-18.77 -183.05,-13.67">
        <request index="0" response="000000" foes="000000" cont="0"/>
        <request index="1" response="000000" foes="000000" cont="0"/>
        <request index="2" response="000000" foes="000000" cont="0"/>
        <request index="3" response="000000" foes="000000" cont="0"/>
        <request index="4" response="000000" foes="000000" cont="0"/>
        <request index="5" response="000000" foes="000000" cont="0"/>
    </junction>
    <junction id="Node5" type="priority" x="6.20" y="-12.90" incLanes="-E2Node2_5_SB_0 -E2Node2_5_SB_1 -E2Node2_5_SB_2 -E4_0 -E4_1 -E4_2 E5_0 E5_1 E5_2" intLanes=":Node5_0_0 :Node5_0_1 :Node5_2_0 :Node5_2_1 :Node5_4_0 :Node5_5_0 :Node5_5_1 :Node5_5_2 :Node5_8_0 :Node5_8_1 :Node5_8_2 :Node5_13_0 :Node5_13_1" shape="-3.09,1.20 16.11,0.78 16.50,-1.44 17.04,-2.21 17.80,-2.76 18.80,-3.09 20.02,-3.19 20.17,-22.39 -6.64,-22.87 -7.19,-3.68 -4.96,-3.09 -4.17,-2.40 -3.59,-1.46 -3.23,-0.26">
        <request index="0"  response="0000011100000" foes="0000011100000" cont="0"/>
        <request index="1"  response="0000011100000" foes="0000011100000" cont="0"/>
        <request index="2"  response="1111111100000" foes="1111111100000" cont="0"/>
        <request index="3"  response="1111111100000" foes="1111111100000" cont="0"/>
        <request index="4"  response="0000000000000" foes="0000000000000" cont="0"/>
        <request index="5"  response="0000000000000" foes="1100000001111" cont="0"/>
        <request index="6"  response="0000000000000" foes="1100000001111" cont="0"/>
        <request index="7"  response="0000000000000" foes="1100000001111" cont="0"/>
        <request index="8"  response="0000000000000" foes="0000000001100" cont="0"/>
        <request index="9"  response="0000000000000" foes="0000000001100" cont="0"/>
        <request index="10" response="0000000000000" foes="0000000001100" cont="0"/>
        <request index="11" response="0000011100000" foes="0000011101100" cont="1"/>
        <request index="12" response="0000011100000" foes="0000011101100" cont="1"/>
    </junction>
    <junction id="Node6" type="priority" x="167.57" y="-11.60" incLanes="E4_0 E4_1 E4_2 E3_0 E3_1 E3_2" intLanes=":Node6_0_0 :Node6_0_1 :Node6_0_2 :Node6_3_0 :Node6_3_1 :Node6_3_2" shape="157.95,-21.28 157.79,-2.08 176.99,-1.73 176.56,-7.66 175.03,-12.52 172.41,-16.31 168.69,-19.04 163.87,-20.69">
        <request index="0" response="000000" foes="000000" cont="0"/>
        <request index="1" response="000000" foes="000000" cont="0"/>
        <request index="2" response="000000" foes="000000" cont="0"/>
        <request index="3" response="000000" foes="000000" cont="0"/>
        <request index="4" response="000000" foes="000000" cont="0"/>
        <request index="5" response="000000" foes="000000" cont="0"/>
    </junction>
    <junction id="Node7" type="dead_end" x="6.46" y="201.95" incLanes="Node2_7_NB_0 Node2_7_NB_1 Node2_7_NB_2" intLanes="" shape="6.46,201.95 16.06,202.18 6.46,201.95"/>

    <junction id=":Node2_20_0" type="internal" x="17.65" y="105.37" incLanes=":Node2_4_0 Node1_2_EB_0 Node1_2_EB_1 Node1_2_EB_2" intLanes=":Node2_6_0 :Node2_6_1 :Node2_6_2 :Node2_9_0 :Node2_10_0 :Node2_11_0 :Node2_11_1 :Node2_11_2 :Node2_16_0 :Node2_16_1 :Node2_16_2 :Node2_19_0"/>
    <junction id=":Node2_21_0" type="internal" x="9.38" y="96.39" incLanes=":Node2_9_0 Node2_7_SB_0 Node2_7_SB_1 Node2_7_SB_2" intLanes=":Node2_1_0 :Node2_1_1 :Node2_1_2 :Node2_4_0 :Node2_11_0 :Node2_11_1 :Node2_11_2 :Node2_14_0 :Node2_15_0 :Node2_16_0 :Node2_16_1 :Node2_16_2"/>
    <junction id=":Node2_22_0" type="internal" x="0.16" y="103.56" incLanes=":Node2_14_0 -E2Node2_3_WB_0 -E2Node2_3_WB_1 -E2Node2_3_WB_2" intLanes=":Node2_0_0 :Node2_1_0 :Node2_1_1 :Node2_1_2 :Node2_6_0 :Node2_6_1 :Node2_6_2 :Node2_9_0 :Node2_16_0 :Node2_16_1 :Node2_16_2 :Node2_19_0"/>
    <junction id=":Node2_23_0" type="internal" x="7.58" y="113.82" incLanes=":Node2_19_0 -E2Node2_5_NB_0 -E2Node2_5_NB_1 -E2Node2_5_NB_2" intLanes=":Node2_1_0 :Node2_1_1 :Node2_1_2 :Node2_4_0 :Node2_5_0 :Node2_6_0 :Node2_6_1 :Node2_6_2 :Node2_11_0 :Node2_11_1 :Node2_11_2 :Node2_14_0"/>
    <junction id=":Node5_13_0" type="internal" x="-1.52" y="-14.07" incLanes=":Node5_11_0 -E4_0 -E4_1 -E4_2" intLanes=":Node5_2_0 :Node5_2_1 :Node5_5_0 :Node5_5_1 :Node5_5_2"/>
    <junction id=":Node5_13_1" type="internal" x="-2.44" y="-14.09" incLanes=":Node5_11_1 -E4_0 -E4_1 -E4_2" intLanes=":Node5_2_0 :Node5_2_1 :Node5_5_0 :Node5_5_1 :Node5_5_2"/>

    <connection from="-E0" to="E5" fromLane="0" toLane="0" via=":Node4_0_0" dir="l" state="M"/>
    <connection from="-E0" to="E5" fromLane="1" toLane="1" via=":Node4_0_1" dir="l" state="M"/>
    <connection from="-E0" to="E5" fromLane="2" toLane="2" via=":Node4_0_2" dir="l" state="M"/>
    <connection from="-E2Node2_3_EB" to="E3" fromLane="0" toLane="0" via=":Node3_3_0" dir="r" state="M"/>
    <connection from="-E2Node2_3_EB" to="E3" fromLane="1" toLane="1" via=":Node3_3_1" dir="r" state="M"/>
    <connection from="-E2Node2_3_EB" to="E3" fromLane="2" toLane="2" via=":Node3_3_2" dir="r" state="M"/>
    <connection from="-E2Node2_3_WB" to="Node2_7_NB" fromLane="0" toLane="0" via=":Node2_0_0" tl="Node2" linkIndex="0" dir="r" state="O"/>
    <connection from="-E2Node2_3_WB" to="Node1_2_WB" fromLane="0" toLane="0" via=":Node2_1_0" tl="Node2" linkIndex="1" dir="s" state="O"/>
    <connection from="-E2Node2_3_WB" to="Node1_2_WB" fromLane="1" toLane="1" via=":Node2_1_1" tl="Node2" linkIndex="2" dir="s" state="O"/>
    <connection from="-E2Node2_3_WB" to="Node1_2_WB" fromLane="2" toLane="2" via=":Node2_1_2" tl="Node2" linkIndex="3" dir="s" state="O"/>
    <connection from="-E2Node2_3_WB" to="-E2Node2_5_SB" fromLane="2" toLane="2" via=":Node2_4_0" tl="Node2" linkIndex="4" dir="l" state="o"/>
    <connection from="-E2Node2_5_NB" to="-E2Node2_3_EB" fromLane="0" toLane="0" via=":Node2_5_0" tl="Node2" linkIndex="5" dir="r" state="o"/>
    <connection from="-E2Node2_5_NB" to="Node2_7_NB" fromLane="0" toLane="0" via=":Node2_6_0" tl="Node2" linkIndex="6" dir="s" state="o"/>
    <connection from="-E2Node2_5_NB" to="Node2_7_NB" fromLane="1" toLane="1" via=":Node2_6_1" tl="Node2" linkIndex="7" dir="s" state="o"/>
    <connection from="-E2Node2_5_NB" to="Node2_7_NB" fromLane="2" toLane="2" via=":Node2_6_2" tl="Node2" linkIndex="8" dir="s" state="o"/>
    <connection from="-E2Node2_5_NB" to="Node1_2_WB" fromLane="2" toLane="2" via=":Node2_9_0" tl="Node2" linkIndex="9" dir="l" state="o"/>
    <connection from="-E2Node2_5_SB" to="-E5" fromLane="0" toLane="0" via=":Node5_0_0" dir="r" state="m"/>
    <connection from="-E2Node2_5_SB" to="-E5" fromLane="1" toLane="1" via=":Node5_0_1" dir="r" state="m"/>
    <connection from="-E2Node2_5_SB" to="E4" fromLane="1" toLane="1" via=":Node5_2_0" dir="l" state="m"/>
    <connection from="-E2Node2_5_SB" to="E4" fromLane="2" toLane="2" via=":Node5_2_1" dir="l" state="m"/>
    <connection from="-E3" to="-E2Node2_3_WB" fromLane="0" toLane="0" via=":Node3_0_0" dir="l" state="M"/>
    <connection from="-E3" to="-E2Node2_3_WB" fromLane="1" toLane="1" via=":Node3_0_1" dir="l" state="M"/>
    <connection from="-E3" to="-E2Node2_3_WB" fromLane="2" toLane="2" via=":Node3_0_2" dir="l" state="M"/>
    <connection from="-E4" to="-E2Node2_5_NB" fromLane="0" toLane="0" via=":Node5_4_0" dir="r" state="M"/>
    <connection from="-E4" to="-E5" fromLane="0" toLane="0" via=":Node5_5_0" dir="s" state="M"/>
    <connection from="-E4" to="-E5" fromLane="1" toLane="1" via=":Node5_5_1" dir="s" state="M"/>
    <connection from="-E4" to="-E5" fromLane="2" toLane="2" via=":Node5_5_2" dir="s" state="M"/>
    <connection from="-E5" to="E0" fromLane="0" toLane="0" via=":Node4_3_0" dir="r" state="M"/>
    <connection from="-E5" to="E0" fromLane="1" toLane="1" via=":Node4_3_1" dir="r" state="M"/>
    <connection from="-E5" to="E0" fromLane="2" toLane="2" via=":Node4_3_2" dir="r" state="M"/>
    <connection from="E0" to="Node1_2_EB" fromLane="0" toLane="0" via=":Node1_3_0" dir="r" state="M"/>
    <connection from="E0" to="Node1_2_EB" fromLane="1" toLane="1" via=":Node1_3_1" dir="r" state="M"/>
    <connection from="E0" to="Node1_2_EB" fromLane="2" toLane="2" via=":Node1_3_2" dir="r" state="M"/>
    <connection from="E3" to="-E4" fromLane="0" toLane="0" via=":Node6_3_0" dir="r" state="M"/>
    <connection from="E3" to="-E4" fromLane="1" toLane="1" via=":Node6_3_1" dir="r" state="M"/>
    <connection from="E3" to="-E4" fromLane="2" toLane="2" via=":Node6_3_2" dir="r" state="M"/>
    <connection from="E4" to="-E3" fromLane="0" toLane="0" via=":Node6_0_0" dir="l" state="M"/>
    <connection from="E4" to="-E3" fromLane="1" toLane="1" via=":Node6_0_1" dir="l" state="M"/>
    <connection from="E4" to="-E3" fromLane="2" toLane="2" via=":Node6_0_2" dir="l" state="M"/>
    <connection from="E5" to="E4" fromLane="0" toLane="0" via=":Node5_8_0" dir="s" state="M"/>
    <connection from="E5" to="E4" fromLane="1" toLane="1" via=":Node5_8_1" dir="s" state="M"/>
    <connection from="E5" to="E4" fromLane="2" toLane="2" via=":Node5_8_2" dir="s" state="M"/>
    <connection from="E5" to="-E2Node2_5_NB" fromLane="2" toLane="1" via=":Node5_11_0" dir="l" state="m"/>
    <connection from="E5" to="-E2Node2_5_NB" fromLane="2" toLane="2" via=":Node5_11_1" dir="l" state="m"/>
    <connection from="Node1_2_EB" to="-E2Node2_5_SB" fromLane="0" toLane="0" via=":Node2_10_0" tl="Node2" linkIndex="10" dir="r" state="O"/>
    <connection from="Node1_2_EB" to="-E2Node2_3_EB" fromLane="0" toLane="0" via=":Node2_11_0" tl="Node2" linkIndex="11" dir="s" state="O"/>
    <connection from="Node1_2_EB" to="-E2Node2_3_EB" fromLane="1" toLane="1" via=":Node2_11_1" tl="Node2" linkIndex="12" dir="s" state="O"/>
    <connection from="Node1_2_EB" to="-E2Node2_3_EB" fromLane="2" toLane="2" via=":Node2_11_2" tl="Node2" linkIndex="13" dir="s" state="O"/>
    <connection from="Node1_2_EB" to="Node2_7_NB" fromLane="2" toLane="2" via=":Node2_14_0" tl="Node2" linkIndex="14" dir="l" state="o"/>
    <connection from="Node1_2_WB" to="-E0" fromLane="0" toLane="0" via=":Node1_0_0" dir="l" state="M"/>
    <connection from="Node1_2_WB" to="-E0" fromLane="1" toLane="1" via=":Node1_0_1" dir="l" state="M"/>
    <connection from="Node1_2_WB" to="-E0" fromLane="2" toLane="2" via=":Node1_0_2" dir="l" state="M"/>
    <connection from="Node2_7_SB" to="Node1_2_WB" fromLane="0" toLane="0" via=":Node2_15_0" tl="Node2" linkIndex="15" dir="r" state="o"/>
    <connection from="Node2_7_SB" to="-E2Node2_5_SB" fromLane="0" toLane="0" via=":Node2_16_0" tl="Node2" linkIndex="16" dir="s" state="o"/>
    <connection from="Node2_7_SB" to="-E2Node2_5_SB" fromLane="1" toLane="1" via=":Node2_16_1" tl="Node2" linkIndex="17" dir="s" state="o"/>
    <connection from="Node2_7_SB" to="-E2Node2_5_SB" fromLane="2" toLane="2" via=":Node2_16_2" tl="Node2" linkIndex="18" dir="s" state="o"/>
    <connection from="Node2_7_SB" to="-E2Node2_3_EB" fromLane="2" toLane="2" via=":Node2_19_0" tl="Node2" linkIndex="19" dir="l" state="o"/>

    <connection from=":Node1_0" to="-E0" fromLane="0" toLane="0" dir="l" state="M"/>
    <connection from=":Node1_0" to="-E0" fromLane="1" toLane="1" dir="l" state="M"/>
    <connection from=":Node1_0" to="-E0" fromLane="2" toLane="2" dir="l" state="M"/>
    <connection from=":Node1_3" to="Node1_2_EB" fromLane="0" toLane="0" dir="r" state="M"/>
    <connection from=":Node1_3" to="Node1_2_EB" fromLane="1" toLane="1" dir="r" state="M"/>
    <connection from=":Node1_3" to="Node1_2_EB" fromLane="2" toLane="2" dir="r" state="M"/>
    <connection from=":Node2_0" to="Node2_7_NB" fromLane="0" toLane="0" dir="r" state="M"/>
    <connection from=":Node2_1" to="Node1_2_WB" fromLane="0" toLane="0" dir="s" state="M"/>
    <connection from=":Node2_1" to="Node1_2_WB" fromLane="1" toLane="1" dir="s" state="M"/>
    <connection from=":Node2_1" to="Node1_2_WB" fromLane="2" toLane="2" dir="s" state="M"/>
    <connection from=":Node2_4" to="-E2Node2_5_SB" fromLane="0" toLane="2" via=":Node2_20_0" dir="l" state="m"/>
    <connection from=":Node2_20" to="-E2Node2_5_SB" fromLane="0" toLane="2" dir="l" state="M"/>
    <connection from=":Node2_5" to="-E2Node2_3_EB" fromLane="0" toLane="0" dir="r" state="M"/>
    <connection from=":Node2_6" to="Node2_7_NB" fromLane="0" toLane="0" dir="s" state="M"/>
    <connection from=":Node2_6" to="Node2_7_NB" fromLane="1" toLane="1" dir="s" state="M"/>
    <connection from=":Node2_6" to="Node2_7_NB" fromLane="2" toLane="2" dir="s" state="M"/>
    <connection from=":Node2_9" to="Node1_2_WB" fromLane="0" toLane="2" via=":Node2_21_0" dir="l" state="m"/>
    <connection from=":Node2_21" to="Node1_2_WB" fromLane="0" toLane="2" dir="l" state="M"/>
    <connection from=":Node2_10" to="-E2Node2_5_SB" fromLane="0" toLane="0" dir="r" state="M"/>
    <connection from=":Node2_11" to="-E2Node2_3_EB" fromLane="0" toLane="0" dir="s" state="M"/>
    <connection from=":Node2_11" to="-E2Node2_3_EB" fromLane="1" toLane="1" dir="s" state="M"/>
    <connection from=":Node2_11" to="-E2Node2_3_EB" fromLane="2" toLane="2" dir="s" state="M"/>
    <connection from=":Node2_14" to="Node2_7_NB" fromLane="0" toLane="2" via=":Node2_22_0" dir="l" state="m"/>
    <connection from=":Node2_22" to="Node2_7_NB" fromLane="0" toLane="2" dir="l" state="M"/>
    <connection from=":Node2_15" to="Node1_2_WB" fromLane="0" toLane="0" dir="r" state="M"/>
    <connection from=":Node2_16" to="-E2Node2_5_SB" fromLane="0" toLane="0" dir="s" state="M"/>
    <connection from=":Node2_16" to="-E2Node2_5_SB" fromLane="1" toLane="1" dir="s" state="M"/>
    <connection from=":Node2_16" to="-E2Node2_5_SB" fromLane="2" toLane="2" dir="s" state="M"/>
    <connection from=":Node2_19" to="-E2Node2_3_EB" fromLane="0" toLane="2" via=":Node2_23_0" dir="l" state="m"/>
    <connection from=":Node2_23" to="-E2Node2_3_EB" fromLane="0" toLane="2" dir="l" state="M"/>
    <connection from=":Node3_0" to="-E2Node2_3_WB" fromLane="0" toLane="0" dir="l" state="M"/>
    <connection from=":Node3_0" to="-E2Node2_3_WB" fromLane="1" toLane="1" dir="l" state="M"/>
    <connection from=":Node3_0" to="-E2Node2_3_WB" fromLane="2" toLane="2" dir="l" state="M"/>
    <connection from=":Node3_3" to="E3" fromLane="0" toLane="0" dir="r" state="M"/>
    <connection from=":Node3_3" to="E3" fromLane="1" toLane="1" dir="r" state="M"/>
    <connection from=":Node3_3" to="E3" fromLane="2" toLane="2" dir="r" state="M"/>
    <connection from=":Node4_0" to="E5" fromLane="0" toLane="0" dir="l" state="M"/>
    <connection from=":Node4_0" to="E5" fromLane="1" toLane="1" dir="l" state="M"/>
    <connection from=":Node4_0" to="E5" fromLane="2" toLane="2" dir="l" state="M"/>
    <connection from=":Node4_3" to="E0" fromLane="0" toLane="0" dir="r" state="M"/>
    <connection from=":Node4_3" to="E0" fromLane="1" toLane="1" dir="r" state="M"/>
    <connection from=":Node4_3" to="E0" fromLane="2" toLane="2" dir="r" state="M"/>
    <connection from=":Node5_0" to="-E5" fromLane="0" toLane="0" dir="r" state="M"/>
    <connection from=":Node5_0" to="-E5" fromLane="1" toLane="1" dir="r" state="M"/>
    <connection from=":Node5_2" to="E4" fromLane="0" toLane="1" dir="l" state="M"/>
    <connection from=":Node5_2" to="E4" fromLane="1" toLane="2" dir="l" state="M"/>
    <connection from=":Node5_4" to="-E2Node2_5_NB" fromLane="0" toLane="0" dir="r" state="M"/>
    <connection from=":Node5_5" to="-E5" fromLane="0" toLane="0" dir="s" state="M"/>
    <connection from=":Node5_5" to="-E5" fromLane="1" toLane="1" dir="s" state="M"/>
    <connection from=":Node5_5" to="-E5" fromLane="2" toLane="2" dir="s" state="M"/>
    <connection from=":Node5_8" to="E4" fromLane="0" toLane="0" dir="s" state="M"/>
    <connection from=":Node5_8" to="E4" fromLane="1" toLane="1" dir="s" state="M"/>
    <connection from=":Node5_8" to="E4" fromLane="2" toLane="2" dir="s" state="M"/>
    <connection from=":Node5_11" to="-E2Node2_5_NB" fromLane="0" toLane="1" via=":Node5_13_0" dir="l" state="m"/>
    <connection from=":Node5_13" to="-E2Node2_5_NB" fromLane="0" toLane="1" dir="l" state="M"/>
    <connection from=":Node5_11" to="-E2Node2_5_NB" fromLane="1" toLane="2" via=":Node5_13_1" dir="l" state="m"/>
    <connection from=":Node5_13" to="-E2Node2_5_NB" fromLane="1" toLane="2" dir="l" state="M"/>
    <connection from=":Node6_0" to="-E3" fromLane="0" toLane="0" dir="l" state="M"/>
    <connection from=":Node6_0" to="-E3" fromLane="1" toLane="1" dir="l" state="M"/>
    <connection from=":Node6_0" to="-E3" fromLane="2" toLane="2" dir="l" state="M"/>
    <connection from=":Node6_3" to="-E4" fromLane="0" toLane="0" dir="r" state="M"/>
    <connection from=":Node6_3" to="-E4" fromLane="1" toLane="1" dir="r" state="M"/>
    <connection from=":Node6_3" to="-E4" fromLane="2" toLane="2" dir="r" state="M"/>

</net>
